Workbook

Sheet GUIDELINES
A1: BRD + ESTIMATION TEMPLATE — GUIDELINES
B3: • This template combines business requirements documentation (BRD) and effort estimation into a single working file.
B4: • Start with the "User Stories" sheet — enter epics, features, user stories, and acceptance criteria.
B5: • Use the "Epic" (col B) and "Feature / Touchpoint" (col C) dropdowns/filters to navigate or filter stories.
B6: • Assign a t-shirt size for each track (Design, FE, BE, AI/Data) using the dropdowns in columns I, K, M, O.
B7: • Man-days auto-calculate from each track's sizing table (sheets 8–11).
B8: • View aggregated effort in the "ESTIMATION SUMMARY" sheet — counts and man-days update automatically.
B9: • Adjust the Optimistic (−10%) and Pessimistic (+20%) factors on the Estimation Summary to model ranges.
B10: • Use the "Complexity Guide" sheets (12–15) to decide which t-shirt size to assign before entering estimates.
B11: • Blank templates: Notification Mapping, RBAC, Data Fields, and LOV — fill these in as requirements are defined.
B12: • Never edit the T-Shirt Sizing tables (sheets 8–11) unless the team agrees to change the man-day rates.

Sheet ESTIMATION SUMMARY
A1: ESTIMATION SUMMARY
C3: UX DESIGN | F3: FRONTEND (FE) | I3: BACKEND (BE) | L3: AI / DATA
B4: SIZE BUCKET | C4: NO. | D4: SIZE | E4: MD | F4: NO. | G4: SIZE | H4: MD | I4: NO. | J4: SIZE | K4: MD | L4: NO. | M4: SIZE | N4: MD
B5: 2XL | C5: =COUNTIF('User Stories'!$I$4:$I$1003,D5) | D5: 2XL | E5: =C5*IFERROR(VLOOKUP(D5,'Design(T-Shirt Sizing)'!$A$3:$B$9,2,FALSE()),0) | F5: =COUNTIF('User Stories'!$K$4:$K$1003,G5) | G5: 2XL | H5: =F5*IFERROR(VLOOKUP(G5,'FE(T-Shirt Sizing)'!$A$3:$B$9,2,FALSE()),0) | I5: =COUNTIF('User Stories'!$M$4:$M$1003,J5) | J5: 2XL | K5: =I5*IFERROR(VLOOKUP(J5,'BE(T-Shirt Sizing)'!$A$3:$B$9,2,FALSE()),0) | L5: =COUNTIF('User Stories'!$O$4:$O$1003,M5) | M5: 2XL | N5: =L5*IFERROR(VLOOKUP(M5,'AI(T-Shirt Sizing)'!$A$3:$B$9,2,FALSE()),0)
B6: XL | C6: =COUNTIF('User Stories'!$I$4:$I$1003,D6) | D6: XL | E6: =C6*IFERROR(VLOOKUP(D6,'Design(T-Shirt Sizing)'!$A$3:$B$9,2,FALSE()),0) | F6: =COUNTIF('User Stories'!$K$4:$K$1003,G6) | G6: XL | H6: =F6*IFERROR(VLOOKUP(G6,'FE(T-Shirt Sizing)'!$A$3:$B$9,2,FALSE()),0) | I6: =COUNTIF('User Stories'!$M$4:$M$1003,J6) | J6: XL | K6: =I6*IFERROR(VLOOKUP(J6,'BE(T-Shirt Sizing)'!$A$3:$B$9,2,FALSE()),0) | L6: =COUNTIF('User Stories'!$O$4:$O$1003,M6) | M6: XL | N6: =L6*IFERROR(VLOOKUP(M6,'AI(T-Shirt Sizing)'!$A$3:$B$9,2,FALSE()),0)
B7: L | C7: =COUNTIF('User Stories'!$I$4:$I$1003,D7) | D7: L | E7: =C7*IFERROR(VLOOKUP(D7,'Design(T-Shirt Sizing)'!$A$3:$B$9,2,FALSE()),0) | F7: =COUNTIF('User Stories'!$K$4:$K$1003,G7) | G7: L | H7: =F7*IFERROR(VLOOKUP(G7,'FE(T-Shirt Sizing)'!$A$3:$B$9,2,FALSE()),0) | I7: =COUNTIF('User Stories'!$M$4:$M$1003,J7) | J7: L | K7: =I7*IFERROR(VLOOKUP(J7,'BE(T-Shirt Sizing)'!$A$3:$B$9,2,FALSE()),0) | L7: =COUNTIF('User Stories'!$O$4:$O$1003,M7) | M7: L | N7: =L7*IFERROR(VLOOKUP(M7,'AI(T-Shirt Sizing)'!$A$3:$B$9,2,FALSE()),0)
B8: M | C8: =COUNTIF('User Stories'!$I$4:$I$1003,D8) | D8: M | E8: =C8*IFERROR(VLOOKUP(D8,'Design(T-Shirt Sizing)'!$A$3:$B$9,2,FALSE()),0) | F8: =COUNTIF('User Stories'!$K$4:$K$1003,G8) | G8: M | H8: =F8*IFERROR(VLOOKUP(G8,'FE(T-Shirt Sizing)'!$A$3:$B$9,2,FALSE()),0) | I8: =COUNTIF('User Stories'!$M$4:$M$1003,J8) | J8: M | K8: =I8*IFERROR(VLOOKUP(J8,'BE(T-Shirt Sizing)'!$A$3:$B$9,2,FALSE()),0) | L8: =COUNTIF('User Stories'!$O$4:$O$1003,M8) | M8: M | N8: =L8*IFERROR(VLOOKUP(M8,'AI(T-Shirt Sizing)'!$A$3:$B$9,2,FALSE()),0)
B9: S | C9: =COUNTIF('User Stories'!$I$4:$I$1003,D9) | D9: S | E9: =C9*IFERROR(VLOOKUP(D9,'Design(T-Shirt Sizing)'!$A$3:$B$9,2,FALSE()),0) | F9: =COUNTIF('User Stories'!$K$4:$K$1003,G9) | G9: S | H9: =F9*IFERROR(VLOOKUP(G9,'FE(T-Shirt Sizing)'!$A$3:$B$9,2,FALSE()),0) | I9: =COUNTIF('User Stories'!$M$4:$M$1003,J9) | J9: S | K9: =I9*IFERROR(VLOOKUP(J9,'BE(T-Shirt Sizing)'!$A$3:$B$9,2,FALSE()),0) | L9: =COUNTIF('User Stories'!$O$4:$O$1003,M9) | M9: S | N9: =L9*IFERROR(VLOOKUP(M9,'AI(T-Shirt Sizing)'!$A$3:$B$9,2,FALSE()),0)
B10: XS | C10: =COUNTIF('User Stories'!$I$4:$I$1003,D10) | D10: XS | E10: =C10*IFERROR(VLOOKUP(D10,'Design(T-Shirt Sizing)'!$A$3:$B$9,2,FALSE()),0) | F10: =COUNTIF('User Stories'!$K$4:$K$1003,G10) | G10: XS | H10: =F10*IFERROR(VLOOKUP(G10,'FE(T-Shirt Sizing)'!$A$3:$B$9,2,FALSE()),0) | I10: =COUNTIF('User Stories'!$M$4:$M$1003,J10) | J10: XS | K10: =I10*IFERROR(VLOOKUP(J10,'BE(T-Shirt Sizing)'!$A$3:$B$9,2,FALSE()),0) | L10: =COUNTIF('User Stories'!$O$4:$O$1003,M10) | M10: XS | N10: =L10*IFERROR(VLOOKUP(M10,'AI(T-Shirt Sizing)'!$A$3:$B$9,2,FALSE()),0)
B11: TOTAL | C11: =SUM(C5:C10) | E11: =SUM(E5:E10) | F11: =SUM(F5:F10) | H11: =SUM(H5:H10) | I11: =SUM(I5:I10) | K11: =SUM(K5:K10) | L11: =SUM(L5:L10) | N11: =SUM(N5:N10)
B13: MAN DAY ADJUSTMENT FACTOR | C13: 1 | D13: (Change this value to apply a team efficiency multiplier, default = 1)
B15: EFFORT RANGE | C15: Design MD | F15: FE MD | I15: BE MD | L15: AI MD | P15: ADJUSTMENT %
B16: Optimistic | C16: =C17*(1-$P16) | F16: =F17*(1-$P16) | I16: =I17*(1-$P16) | L16: =L17*(1-$P16) | P16: 0.1
B17: Most Likely | C17: =E11/C13 | F17: =H11/C13 | I17: =K11/C13 | L17: =N11/C13
B18: Pessimistic | C18: =C17*(1+$P18) | F18: =F17*(1+$P18) | I18: =I17*(1+$P18) | L18: =L17*(1+$P18) | P18: 0.2
B20: TOTAL OVERALL EFFORT ESTIMATION
B22: Scenario | C22: Most Likely
B23: Track | C23: Approx. Man-Days
B24: UX Design | C24: =IFERROR(VLOOKUP(C22,B16:N18,2,FALSE()),0)
B25: Frontend (FE) | C25: =IFERROR(VLOOKUP(C22,B16:N18,5,FALSE()),0)
B26: Backend (BE) | C26: =IFERROR(VLOOKUP(C22,B16:N18,8,FALSE()),0)
B27: AI / Data | C27: =IFERROR(VLOOKUP(C22,B16:N18,11,FALSE()),0)
B28: TOTAL | C28: =SUM(C24:C27)

Sheet User Stories
A1: USER STORIES
A2: USER STORY DETAILS | I2: UX DESIGN | K2: FRONTEND (FE) | M2: BACKEND (BE) | O2: AI / DATA | Q2: ASSUMPTIONS & ASSESSMENTS
A3: ID | B3: EPIC | C3: FEATURE / TOUCHPOINT | D3: STORY ID | E3: USER STORY | F3: ACCEPTANCE CRITERIA | G3: PRIORITY | H3: RELEASE | I3: SIZE | J3: MD | K3: SIZE | L3: MD | M3: SIZE | N3: MD | O3: SIZE | P3: MD | Q3: UX DESIGN ASSUMPTIONS | R3: FE / TECH ASSUMPTIONS | S3: BE / API ASSUMPTIONS | T3: AI / DATA ASSUMPTIONS | U3: INTEGRATION ASSESSMENT | V3: DEPENDENCIES
J4: =IFERROR(VLOOKUP(I4,'Design(T-Shirt Sizing)'!$A$3:$B$9,2,FALSE()),0) | L4: =IFERROR(VLOOKUP(K4,'FE(T-Shirt Sizing)'!$A$3:$B$9,2,FALSE()),0) | N4: =IFERROR(VLOOKUP(M4,'BE(T-Shirt Sizing)'!$A$3:$B$9,2,FALSE()),0) | P4: =IFERROR(VLOOKUP(O4,'AI(T-Shirt Sizing)'!$A$3:$B$9,2,FALSE()),0)
J5: =IFERROR(VLOOKUP(I5,'Design(T-Shirt Sizing)'!$A$3:$B$9,2,FALSE()),0) | L5: =IFERROR(VLOOKUP(K5,'FE(T-Shirt Sizing)'!$A$3:$B$9,2,FALSE()),0) | N5: =IFERROR(VLOOKUP(M5,'BE(T-Shirt Sizing)'!$A$3:$B$9,2,FALSE()),0) | P5: =IFERROR(VLOOKUP(O5,'AI(T-Shirt Sizing)'!$A$3:$B$9,2,FALSE()),0)
J6: =IFERROR(VLOOKUP(I6,'Design(T-Shirt Sizing)'!$A$3:$B$9,2,FALSE()),0) | L6: =IFERROR(VLOOKUP(K6,'FE(T-Shirt Sizing)'!$A$3:$B$9,2,FALSE()),0) | N6: =IFERROR(VLOOKUP(M6,'BE(T-Shirt Sizing)'!$A$3:$B$9,2,FALSE()),0) | P6: =IFERROR(VLOOKUP(O6,'AI(T-Shirt Sizing)'!$A$3:$B$9,2,FALSE()),0)
J7: =IFERROR(VLOOKUP(I7,'Design(T-Shirt Sizing)'!$A$3:$B$9,2,FALSE()),0) | L7: =IFERROR(VLOOKUP(K7,'FE(T-Shirt Sizing)'!$A$3:$B$9,2,FALSE()),0) | N7: =IFERROR(VLOOKUP(M7,'BE(T-Shirt Sizing)'!$A$3:$B$9,2,FALSE()),0) | P7: =IFERROR(VLOOKUP(O7,'AI(T-Shirt Sizing)'!$A$3:$B$9,2,FALSE()),0)
J8: =IFERROR(VLOOKUP(I8,'Design(T-Shirt Sizing)'!$A$3:$B$9,2,FALSE()),0) | L8: =IFERROR(VLOOKUP(K8,'FE(T-Shirt Sizing)'!$A$3:$B$9,2,FALSE()),0) | N8: =IFERROR(VLOOKUP(M8,'BE(T-Shirt Sizing)'!$A$3:$B$9,2,FALSE()),0) | P8: =IFERROR(VLOOKUP(O8,'AI(T-Shirt Sizing)'!$A$3:$B$9,2,FALSE()),0)
J9: =IFERROR(VLOOKUP(I9,'Design(T-Shirt Sizing)'!$A$3:$B$9,2,FALSE()),0) | L9: =IFERROR(VLOOKUP(K9,'FE(T-Shirt Sizing)'!$A$3:$B$9,2,FALSE()),0) | N9: =IFERROR(VLOOKUP(M9,'BE(T-Shirt Sizing)'!$A$3:$B$9,2,FALSE()),0) | P9: =IFERROR(VLOOKUP(O9,'AI(T-Shirt Sizing)'!$A$3:$B$9,2,FALSE()),0)
J10: =IFERROR(VLOOKUP(I10,'Design(T-Shirt Sizing)'!$A$3:$B$9,2,FALSE()),0) | L10: =IFERROR(VLOOKUP(K10,'FE(T-Shirt Sizing)'!$A$3:$B$9,2,FALSE()),0) | N10: =IFERROR(VLOOKUP(M10,'BE(T-Shirt Sizing)'!$A$3:$B$9,2,FALSE()),0) | P10: =IFERROR(VLOOKUP(O10,'AI(T-Shirt Sizing)'!$A$3:$B$9,2,FALSE()),0)
J11: =IFERROR(VLOOKUP(I11,'Design(T-Shirt Sizing)'!$A$3:$B$9,2,FALSE()),0) | L11: =IFERROR(VLOOKUP(K11,'FE(T-Shirt Sizing)'!$A$3:$B$9,2,FALSE()),0) | N11: =IFERROR(VLOOKUP(M11,'BE(T-Shirt Sizing)'!$A$3:$B$9,2,FALSE()),0) | P11: =IFERROR(VLOOKUP(O11,'AI(T-Shirt Sizing)'!$A$3:$B$9,2,FALSE()),0)
J12: =IFERROR(VLOOKUP(I12,'Design(T-Shirt Sizing)'!$A$3:$B$9,2,FALSE()),0) | L12: =IFERROR(VLOOKUP(K12,'FE(T-Shirt Sizing)'!$A$3:$B$9,2,FALSE()),0) | N12: =IFERROR(VLOOKUP(M12,'BE(T-Shirt Sizing)'!$A$3:$B$9,2,FALSE()),0) | P12: =IFERROR(VLOOKUP(O12,'AI(T-Shirt Sizing)'!$A$3:$B$9,2,FALSE()),0)
J13: =IFERROR(VLOOKUP(I13,'Design(T-Shirt Sizing)'!$A$3:$B$9,2,FALSE()),0) | L13: =IFERROR(VLOOKUP(K13,'FE(T-Shirt Sizing)'!$A$3:$B$9,2,FALSE()),0) | N13: =IFERROR(VLOOKUP(M13,'BE(T-Shirt Sizing)'!$A$3:$B$9,2,FALSE()),0) | P13: =IFERROR(VLOOKUP(O13,'AI(T-Shirt Sizing)'!$A$3:$B$9,2,FALSE()),0)
J14: =IFERROR(VLOOKUP(I14,'Design(T-Shirt Sizing)'!$A$3:$B$9,2,FALSE()),0) | L14: =IFERROR(VLOOKUP(K14,'FE(T-Shirt Sizing)'!$A$3:$B$9,2,FALSE()),0) | N14: =IFERROR(VLOOKUP(M14,'BE(T-Shirt Sizing)'!$A$3:$B$9,2,FALSE()),0) | P14: =IFERROR(VLOOKUP(O14,'AI(T-Shirt Sizing)'!$A$3:$B$9,2,FALSE()),0)
J15: =IFERROR(VLOOKUP(I15,'Design(T-Shirt Sizing)'!$A$3:$B$9,2,FALSE()),0) | L15: =IFERROR(VLOOKUP(K15,'FE(T-Shirt Sizing)'!$A$3:$B$9,2,FALSE()),0) | N15: =IFERROR(VLOOKUP(M15,'BE(T-Shirt Sizing)'!$A$3:$B$9,2,FALSE()),0) | P15: =IFERROR(VLOOKUP(O15,'AI(T-Shirt Sizing)'!$A$3:$B$9,2,FALSE()),0)
... J103: =IFERROR(VLOOKUP(I103,'Design(T-Shirt Sizing)'!$A$3:$B$9,2,FALSE()),0) | L103: =IFERROR(VLOOKUP(K103,'FE(T-Shirt Sizing)'!$A$3:$B$9,2,FALSE()),0) | N103: =IFERROR(VLOOKUP(M103,'BE(T-Shirt Sizing)'!$A$3:$B$9,2,FALSE()),0) | P103: =IFERROR(VLOOKUP(O103,'AI(T-Shirt Sizing)'!$A$3:$B$9,2,FALSE()),0)
A104: ↓ Copy row 103 downward to add more stories

Sheet Notification Mapping
A1: NOTIFICATION MAPPING
A2: S/No. | B2: User Story ID | C2: Notification Trigger & Description | D2: Triggered By | E2: Recipient(s) | F2: In-App | G2: Email | H2: SMS | I2: Push | J2: Remarks

Sheet RBAC
A1: ROLE-BASED ACCESS CONTROL (RBAC)
A2: Legend: ✓ = Access permitted | ✗ = No access | − = Not applicable | C = Conditional access
A3: S/N | B3: Epic / Feature Group | C3: Feature | D3: Role 1 | E3: Role 2 | F3: Role 3 | G3: Role 4 | H3: Role 5

Sheet Data Fields
A1: DATA FIELDS
A2: S/N | B2: Module / Screen | C2: Field Name | D2: Field Label (Display) | E2: Data Type | F2: Mandatory | G2: Editable | H2: Visible To Roles | I2: Validation Rules | J2: LOV Reference | K2: Remarks

Sheet LOV
A1: LIST OF VALUES (LOV)
A2: A List of Values (LOV) groups reference/dropdown options by list name. Each row defines one value within a list.
A3: S/N | B3: List Name | C3: Value (Display) | D3: Code (System) | E3: Description / Meaning | F3: Active | G3: Remarks

Sheet Design(T-Shirt Sizing)
A1: DESIGN EFFORT T-SHIRT SIZING
A3: N.A. | B3: 0
A4: XS | B4: 1
A5: S | B5: 2
A6: M | B6: 3
A7: L | B7: 5
A8: XL | B8: 10 | C8: << Consider decomposing
A9: 2XL | B9: 20 | C9: << Needs further decomposition
A11: Usage Notes:
B12: Refer to the Complexity Guide before assigning sizes. XL and 2XL items should be broken down before sprint planning.
B13: N.A. = task not applicable to this track for the given user story.

Sheet FE(T-Shirt Sizing)
A1: FE EFFORT T-SHIRT SIZING
A3: N.A. | B3: 0
A4: XS | B4: 3.5
A5: S | B5: 6
A6: M | B6: 12.5
A7: L | B7: 20
A8: XL | B8: 32.5 | C8: << Consider decomposing
A9: 2XL | B9: 65 | C9: << Needs further decomposition
A11: Usage Notes:
B12: Refer to the Complexity Guide before assigning sizes. XL and 2XL items should be broken down before sprint planning.
B13: N.A. = task not applicable to this track for the given user story.

Sheet BE(T-Shirt Sizing)
A1: BE EFFORT T-SHIRT SIZING
A3: N.A. | B3: 0
A4: XS | B4: 3.5
A5: S | B5: 6
A6: M | B6: 12.5
A7: L | B7: 20
A8: XL | B8: 32.5 | C8: << Consider decomposing
A9: 2XL | B9: 65 | C9: << Needs further decomposition
A11: Usage Notes:
B12: Refer to the Complexity Guide before assigning sizes. XL and 2XL items should be broken down before sprint planning.
B13: N.A. = task not applicable to this track for the given user story.

Sheet AI(T-Shirt Sizing)
A1: AI EFFORT T-SHIRT SIZING
A3: N.A. | B3: 0
A4: XS | B4: 2
A5: S | B5: 5
A6: M | B6: 10
A7: L | B7: 20
A8: XL | B8: 40 | C8: << Consider decomposing
A9: 2XL | B9: 80 | C9: << Needs further decomposition
A11: Usage Notes:
B12: Refer to the Complexity Guide before assigning sizes. XL and 2XL items should be broken down before sprint planning.
B13: N.A. = task not applicable to this track for the given user story.

Sheet Design(Complexity Guide)
A1: DESIGN COMPLEXITY GUIDE
B3: DIMENSION | C3: SMALL (XS–S) | D3: MEDIUM (M–L) | E3: LARGE (XL–2XL)
B4: Process Steps | C4: ≤3 sequential actions | D4: 4–9 process steps across the workflow | E4: 9+ process steps
B5: Data Variations | C5: ≤3 distinct states or sets | D5: 4–8 distinct states or sets | E5: 9+ distinct states or sets
B6: Logics | C6: No conditional branching or nested conditions | D6: Single level of conditional branching; excludes deeply nested or multi-layered conditions | E6: Multiple levels of conditional branching and nested conditions
B7: Visual Asset | C7: Basic graphics or stock imagery with minimal customisation | D7: Custom or adapted graphics up to 4 assets; individual asset sizes ≤500×500px | E7: Custom or adapted graphics — 5+ assets, or individual asset sizes >500×500px
B9: If any single dimension reaches the threshold for a given size, that size applies — use the highest triggered threshold across all 4 criteria.

Sheet FE(Complexity Guide)
A1: FE COMPLEXITY GUIDE
B3: DIMENSION | C3: SMALL (XS–S) | D3: MEDIUM (M–L) | E3: LARGE (XL–2XL)
B4: UI fields / components | C4: ≤5 fields, minimal scrolling | D4: ≤12 fields, 50% need validation | E4: >12 fields, heavy scrolling
B5: UI events | C5: ≤2 UI events | D5: ≤5 UI events | E5: >5 UI events
B6: Content | C6: Static content | D6: Mostly static; images, rich text | E6: Dynamic content; images/videos/feeds
B7: Data transformation | C7: None | D7: Minimal transformations | E7: Heavy data/content transformations
B8: Transactions | C8: None | D8: None | E8: Page involves transactions
B9: Integration points | C9: None | D9: <3 integration points | E9: ≥3 integration points
B10: Security | C10: No security requirements | D10: No security requirements | E10: Security requirement applies

Sheet BE(Complexity Guide)
A1: BE COMPLEXITY GUIDE
B3: DIMENSION | C3: SMALL (XS–S) | D3: MEDIUM (M–L) | E3: LARGE (XL–2XL)
B4: DB / service integrations | C4: None | D4: ≤3 integrations | E4: >3 integrations
B5: Routing | C5: Simple | D5: Simple | E5: Complex content-based routing
B6: Validation | C6: Message structure level | D6: Message structure level | E6: Field-level validation
B7: Aggregation | C7: No | D7: No | E7: Yes
B8: Transformation | C8: Straight mapping | D8: Mapping and translation | E8: Complex mapping, conditional, cross-parser
B9: Processing logic | C9: Simple pass-through | D9: Simple multi-level, some control logic | E9: Complex control logic, multiple business rules

Sheet AI(Complexity Guide)
A1: AI COMPLEXITY GUIDE
B3: DIMENSION | C3: SMALL (XS–S) | D3: MEDIUM (M–L) | E3: LARGE (XL–2XL)
B4: Data volume | C4: Single table, <10K rows, batch ingest | D4: Multiple tables or streams, up to 1M rows | E4: Real-time streams, 1M+ rows, multi-source joins
B5: Model complexity | C5: Rule-based logic or single pre-trained model | D5: Fine-tuned model or ensemble, defined features | E5: Custom model training, RAG pipeline, or multi-agent
B6: Evaluation / iteration | C6: Single benchmark, no retraining | D6: 2–3 evaluation cycles, hyperparameter tuning | E6: Continuous retraining loop or A/B testing
B7: Infrastructure | C7: Existing compute, no MLOps setup needed | D7: Requires pipeline orchestration (e.g. Airflow) | E7: Full MLOps: model registry, monitoring, drift detection
B8: Data quality work | C8: Clean, structured input | D8: Moderate cleaning, schema mapping | E8: Heavy normalisation, deduplication, or label work
B9: Integration points | C9: Standalone script or notebook | D9: REST API or database integration | E9: Multi-system integration, real-time serving
